Wall time,Step,Value
1609199904.8262138,0,0.36003854870796204
1609222922.5507653,1,0.41779133677482605
1609245999.4756272,2,0.4535388648509979
1609269223.8405194,3,0.4690896272659302
1609292986.8565264,4,0.478436678647995
