Wall time,Step,Value
1609284587.6451936,0,0.4550016522407532
1609290006.3780448,1,0.5572716593742371
1609295541.5318735,2,0.5759530067443848
1609301160.6438103,3,0.5910012125968933
1609306571.275124,4,0.5923380851745605
1609311650.1698337,5,0.5931954979896545
1609316776.3763473,6,0.5930984616279602
1609321780.1378624,7,0.5934961438179016
