Wall time,Step,Value
1609199904.3400245,0,0.37285056710243225
1609222921.9485743,1,0.4226655960083008
1609245998.9066696,2,0.47186562418937683
1609269223.549031,3,0.48976874351501465
1609292986.3288157,4,0.48477938771247864
