Wall time,Step,Value
1609443647.2013342,0,0.2961508333683014
1609471252.7229745,1,0.3324180245399475
1609498340.7532496,2,0.37771376967430115
1609524666.908964,3,0.4064006805419922
1609550654.6812744,4,0.3903723359107971
1609577137.0330374,5,0.39900970458984375
1609642093.370983,6,0.45130598545074463
1609670478.879834,7,0.42022478580474854
1609698801.024983,8,0.43422362208366394
1609728448.615506,9,0.4329380393028259
