Wall time,Step,Value
1609315279.9496088,0,0.3333582282066345
