Wall time,Step,Value
1609282323.3165936,0,0.4674142003059387
1609287691.9227304,1,0.508468747138977
1609293164.462965,2,0.5863562226295471
1609298634.6053896,3,0.5912079811096191
1609304244.9333308,4,0.5975262522697449
1609309317.696617,5,0.5982859134674072
1609314377.5884035,6,0.599530041217804
1609319467.54421,7,0.5994440317153931
