Wall time,Step,Value
1609280196.247894,0,0.21597573161125183
1609282368.2269282,1,0.21914850175380707
1609284531.420661,2,0.20751753449440002
1609286638.4798896,3,0.20499861240386963
1609289067.3880708,4,0.20760928094387054
1609291268.0878077,5,0.21256308257579803
1609293341.2638433,6,0.21589699387550354
1609295388.3668718,7,0.21509383618831635
